{
  "train_losses": [
    11.417823244985673,
    5.302086597868911,
    0.6606149755439649,
    0.5022056601450573,
    0.4747739425702901,
    0.4618003867075573,
    0.455987356453707,
    0.4494905225868553,
    0.44552358720227436,
    0.4473616373231554
  ],
  "val_losses": [
    10.060191761363637,
    0.9560435901988636,
    0.4825439453125,
    0.4544247713955966,
    0.4373696067116477,
    0.4309331720525568,
    0.4259920987215909,
    0.423614501953125,
    0.42177234996448865,
    0.42126048694957385
  ],
  "best_val_loss": 0.42126048694957385,
  "config": {
    "model_name": "Salesforce/blip2-opt-2.7b",
    "batch_size": 8,
    "learning_rate": 1e-05,
    "num_epochs": 10
  }
}